<?xml version="1.0" encoding="UTF-8" ?>
<document>
<!--The data in this file is primarily intended for consumption by Xilinx tools.
The structure and the elements are likely to change over the next few releases.
This means code written to parse this file will need to be revisited each subsequent release.-->
<application name="pa" timeStamp="Mon Mar 20 18:00:57 2017">
<section name="Project Information" visible="false">
<property name="ProjectID" value="d68d3d8a14cb4e259e2959a03a5002f8" type="ProjectID"/>
<property name="ProjectIteration" value="16" type="ProjectIteration"/>
</section>
<section name="PlanAhead Usage" visible="true">
<item name="Project Data">
<property name="SrcSetCount" value="1" type="SrcSetCount"/>
<property name="ConstraintSetCount" value="1" type="ConstraintSetCount"/>
<property name="DesignMode" value="RTL" type="DesignMode"/>
<property name="SynthesisStrategy" value="Vivado Synthesis Defaults" type="SynthesisStrategy"/>
<property name="ImplStrategy" value="Vivado Implementation Defaults" type="ImplStrategy"/>
</item>
<item name="Java Command Handlers">
<property name="AddSources" value="21" type="JavaHandler"/>
<property name="CloseProject" value="1" type="JavaHandler"/>
<property name="CoreView" value="1" type="JavaHandler"/>
<property name="EditDelete" value="8" type="JavaHandler"/>
<property name="EditUndo" value="1" type="JavaHandler"/>
<property name="NewProject" value="1" type="JavaHandler"/>
<property name="OpenProject" value="2" type="JavaHandler"/>
<property name="ProjectSettingsCmdHandler" value="1" type="JavaHandler"/>
<property name="ReportUtilization" value="1" type="JavaHandler"/>
<property name="RunImplementation" value="15" type="JavaHandler"/>
<property name="RunSynthesis" value="28" type="JavaHandler"/>
<property name="SaveFileProxyHandler" value="12" type="JavaHandler"/>
<property name="SetTopNode" value="3" type="JavaHandler"/>
<property name="ShowView" value="19" type="JavaHandler"/>
<property name="SimulationClose" value="78" type="JavaHandler"/>
<property name="SimulationRelaunch" value="1" type="JavaHandler"/>
<property name="SimulationRestart" value="3" type="JavaHandler"/>
<property name="SimulationRun" value="144" type="JavaHandler"/>
<property name="SimulationRunAll" value="2" type="JavaHandler"/>
<property name="SimulationRunForTime" value="32" type="JavaHandler"/>
<property name="UpdateSourceFiles" value="1" type="JavaHandler"/>
<property name="WaveformSaveConfiguration" value="1" type="JavaHandler"/>
</item>
<item name="Gui Resources Info">
<property name="PAResourceCommand.PACommandNames_SIMULATION_LIVE_RUN, simulation_live_run_for_time" value="13" type="GuiResourceData"/>
<property name="PAResourceCommand.PACommandNames_SIMULATION_RUN_BEHAVIORAL, Run Behavioral Simulation" value="7" type="GuiResourceData"/>
<property name="PAResourceCommand.PACommandNames_SIMULATION_RUN_POST_SYNTHESIS_FUNCTIONAL, Run Post-Synthesis Functional Simulation" value="4" type="GuiResourceData"/>
<property name="PAResourceEtoH.FlowNavigatorTreePanel_FLOW_NAVIGATOR_TREE, [, Simulation, Run Simulation], 11, false" value="11" type="GuiResourceData"/>
<property name="PAResourceTtoZ.TaskBanner_CLOSE, (String" value="4" type="GuiResourceData"/>
<property name="RDIResource.BaseDialog_OK, OK" value="11" type="GuiResourceData"/>
<property name="RDIResource.GraphicalView_ZOOM_FIT, Waveform Viewer_zoom_fit" value="15" type="GuiResourceData"/>
<property name="RDIResource.GraphicalView_ZOOM_IN, Waveform Viewer_zoom_in" value="2" type="GuiResourceData"/>
<property name="RDIResource.GraphicalView_ZOOM_OUT, Waveform Viewer_zoom_out" value="3" type="GuiResourceData"/>
<property name="RDIResource.RDIViews_WAVEFORM_VIEWER, 114, 32" value="1" type="GuiResourceData"/>
<property name="RDIResource.RDIViews_WAVEFORM_VIEWER, 118, 28" value="1" type="GuiResourceData"/>
<property name="RDIResource.RDIViews_WAVEFORM_VIEWER, 12, 34" value="1" type="GuiResourceData"/>
<property name="RDIResource.RDIViews_WAVEFORM_VIEWER, 13, 64" value="1" type="GuiResourceData"/>
<property name="RDIResource.RDIViews_WAVEFORM_VIEWER, 14, 26" value="1" type="GuiResourceData"/>
<property name="RDIResource.RDIViews_WAVEFORM_VIEWER, 14, 66" value="1" type="GuiResourceData"/>
<property name="RDIResource.RDIViews_WAVEFORM_VIEWER, 15, 68" value="1" type="GuiResourceData"/>
<property name="RDIResource.RDIViews_WAVEFORM_VIEWER, 16, -33" value="1" type="GuiResourceData"/>
<property name="RDIResource.RDIViews_WAVEFORM_VIEWER, 17, 31" value="1" type="GuiResourceData"/>
<property name="RDIResource.RDIViews_WAVEFORM_VIEWER, 17, 34" value="1" type="GuiResourceData"/>
<property name="RDIResource.RDIViews_WAVEFORM_VIEWER, 173, 12" value="1" type="GuiResourceData"/>
<property name="RDIResource.RDIViews_WAVEFORM_VIEWER, 18, 93" value="1" type="GuiResourceData"/>
<property name="RDIResource.RDIViews_WAVEFORM_VIEWER, 20, 71" value="1" type="GuiResourceData"/>
<property name="RDIResource.RDIViews_WAVEFORM_VIEWER, 21, 36" value="1" type="GuiResourceData"/>
<property name="RDIResource.RDIViews_WAVEFORM_VIEWER, 23, 35" value="1" type="GuiResourceData"/>
<property name="RDIResource.RDIViews_WAVEFORM_VIEWER, 24, 59" value="1" type="GuiResourceData"/>
<property name="RDIResource.RDIViews_WAVEFORM_VIEWER, 24, 66" value="1" type="GuiResourceData"/>
<property name="RDIResource.RDIViews_WAVEFORM_VIEWER, 27, 31" value="1" type="GuiResourceData"/>
<property name="RDIResource.RDIViews_WAVEFORM_VIEWER, 28, 49" value="1" type="GuiResourceData"/>
<property name="RDIResource.RDIViews_WAVEFORM_VIEWER, 28, 65" value="1" type="GuiResourceData"/>
<property name="RDIResource.RDIViews_WAVEFORM_VIEWER, 32, 54" value="1" type="GuiResourceData"/>
<property name="RDIResource.RDIViews_WAVEFORM_VIEWER, 33, -24" value="1" type="GuiResourceData"/>
<property name="RDIResource.RDIViews_WAVEFORM_VIEWER, 33, 60" value="1" type="GuiResourceData"/>
<property name="RDIResource.RDIViews_WAVEFORM_VIEWER, 33, 67" value="1" type="GuiResourceData"/>
<property name="RDIResource.RDIViews_WAVEFORM_VIEWER, 34, 64" value="1" type="GuiResourceData"/>
<property name="RDIResource.RDIViews_WAVEFORM_VIEWER, 35, 31" value="1" type="GuiResourceData"/>
<property name="RDIResource.RDIViews_WAVEFORM_VIEWER, 35, 67" value="1" type="GuiResourceData"/>
<property name="RDIResource.RDIViews_WAVEFORM_VIEWER, 35, 98" value="1" type="GuiResourceData"/>
<property name="RDIResource.RDIViews_WAVEFORM_VIEWER, 36, 56" value="1" type="GuiResourceData"/>
<property name="RDIResource.RDIViews_WAVEFORM_VIEWER, 39, 38" value="1" type="GuiResourceData"/>
<property name="RDIResource.RDIViews_WAVEFORM_VIEWER, 41, 101" value="1" type="GuiResourceData"/>
<property name="RDIResource.RDIViews_WAVEFORM_VIEWER, 41, 32" value="1" type="GuiResourceData"/>
<property name="RDIResource.RDIViews_WAVEFORM_VIEWER, 43, 5" value="1" type="GuiResourceData"/>
<property name="RDIResource.RDIViews_WAVEFORM_VIEWER, 43, 73" value="1" type="GuiResourceData"/>
<property name="RDIResource.RDIViews_WAVEFORM_VIEWER, 45, 73" value="1" type="GuiResourceData"/>
<property name="RDIResource.RDIViews_WAVEFORM_VIEWER, 47, 46" value="1" type="GuiResourceData"/>
<property name="RDIResource.RDIViews_WAVEFORM_VIEWER, 49, 37" value="1" type="GuiResourceData"/>
<property name="RDIResource.RDIViews_WAVEFORM_VIEWER, 53, 74" value="1" type="GuiResourceData"/>
<property name="RDIResource.RDIViews_WAVEFORM_VIEWER, 54, 54" value="1" type="GuiResourceData"/>
<property name="RDIResource.RDIViews_WAVEFORM_VIEWER, 55, 83" value="1" type="GuiResourceData"/>
<property name="RDIResource.RDIViews_WAVEFORM_VIEWER, 74, 4" value="1" type="GuiResourceData"/>
<property name="RDIResource.RDIViews_WAVEFORM_VIEWER, 74, 80" value="1" type="GuiResourceData"/>
<property name="RDIResource.RDIViews_WAVEFORM_VIEWER, 90, 51" value="1" type="GuiResourceData"/>
<property name="RDIResource.RDIViews_WAVEFORM_VIEWER, 94, 9" value="1" type="GuiResourceData"/>
<property name="RDIResource.RDIViews_WAVEFORM_VIEWER, Untitled 17" value="1" type="GuiResourceData"/>
<property name="RDIResourceCommand.RDICommands_SAVE_FILE, (String" value="2" type="GuiResourceData"/>
<property name="tb.v, 106, 196" value="1" type="GuiResourceData"/>
<property name="tb.v, 108, 333" value="1" type="GuiResourceData"/>
<property name="tb.v, 113, 405" value="1" type="GuiResourceData"/>
<property name="tb.v, 117, 479" value="1" type="GuiResourceData"/>
<property name="tb.v, 122, 428" value="1" type="GuiResourceData"/>
<property name="tb.v, 126, 524" value="1" type="GuiResourceData"/>
<property name="tb.v, 130, 506" value="2" type="GuiResourceData"/>
<property name="tb.v, 14, 420" value="1" type="GuiResourceData"/>
<property name="tb.v, 163, 361" value="1" type="GuiResourceData"/>
<property name="tb.v, 171, 289" value="1" type="GuiResourceData"/>
<property name="tb.v, 22, 465" value="1" type="GuiResourceData"/>
<property name="tb.v, 27, 394" value="1" type="GuiResourceData"/>
<property name="tb.v, 29, 408" value="1" type="GuiResourceData"/>
<property name="tb.v, 29, 420" value="1" type="GuiResourceData"/>
<property name="tb.v, 293, 182" value="1" type="GuiResourceData"/>
<property name="tb.v, 294, 315" value="1" type="GuiResourceData"/>
<property name="tb.v, 318, 367" value="1" type="GuiResourceData"/>
<property name="tb.v, 326, 349" value="1" type="GuiResourceData"/>
<property name="tb.v, 35, 301" value="1" type="GuiResourceData"/>
<property name="tb.v, 36, 105" value="1" type="GuiResourceData"/>
<property name="tb.v, 36, 537" value="1" type="GuiResourceData"/>
<property name="tb.v, 39, 356" value="1" type="GuiResourceData"/>
<property name="tb.v, 42, 292" value="1" type="GuiResourceData"/>
<property name="tb.v, 42, 293" value="1" type="GuiResourceData"/>
<property name="tb.v, 47, 417" value="1" type="GuiResourceData"/>
<property name="tb.v, 49, 121" value="1" type="GuiResourceData"/>
<property name="tb.v, 49, 178" value="1" type="GuiResourceData"/>
<property name="tb.v, 49, 405" value="1" type="GuiResourceData"/>
<property name="tb.v, 5, 430" value="1" type="GuiResourceData"/>
<property name="tb.v, 50, 578" value="1" type="GuiResourceData"/>
<property name="tb.v, 51, 563" value="1" type="GuiResourceData"/>
<property name="tb.v, 53, 194" value="1" type="GuiResourceData"/>
<property name="tb.v, 54, 331" value="1" type="GuiResourceData"/>
<property name="tb.v, 57, 313" value="1" type="GuiResourceData"/>
<property name="tb.v, 57, 348" value="1" type="GuiResourceData"/>
<property name="tb.v, 65, 169" value="1" type="GuiResourceData"/>
<property name="tb.v, 65, 234" value="1" type="GuiResourceData"/>
<property name="tb.v, 7, 277" value="1" type="GuiResourceData"/>
<property name="tb.v, 9, 383" value="1" type="GuiResourceData"/>
<property name="tb.v, 9, 442" value="1" type="GuiResourceData"/>
</item>
<item name="Other">
<property name="GuiMode" value="40" type="GuiMode"/>
<property name="BatchMode" value="0" type="BatchMode"/>
<property name="TclMode" value="33" type="TclMode"/>
</item>
</section>
</application>
</document>
